[
  {
    "vehicle": {
      "length": 5.0,
      "width": 2.0,
      "maxPosAcc": 2.0,
      "maxNegAcc": 4.5,
      "usualPosAcc": 2.0,
      "usualNegAcc": 4.5,
      "minGap": 2.5,
      "maxSpeed": 11.111,
      "headwayTime": 2
    },
    "route": [
      "road_0_1_0",
      "road_1_1_0",
      "road_2_1_0",
      "road_3_1_0",
      "road_4_1_0",
      "road_5_1_0",
      "road_6_1_0"
    ],
    "interval": 12.0,
    "startTime": 0,
    "endTime": 14400
  },
  {
    "vehicle": {
      "length": 5.0,
      "width": 2.0,
      "maxPosAcc": 2.0,
      "maxNegAcc": 4.5,
      "usualPosAcc": 2.0,
      "usualNegAcc": 4.5,
      "minGap": 2.5,
      "maxSpeed": 11.111,
      "headwayTime": 2
    },
    "route": [
      "road_7_1_2",
      "road_6_1_2",
      "road_5_1_2",
      "road_4_1_2",
      "road_3_1_2",
      "road_2_1_2",
      "road_1_1_2"
    ],
    "interval": 12.0,
    "startTime": 0,
    "endTime": 14400
  },
  {
    "vehicle": {
      "length": 5.0,
      "width": 2.0,
      "maxPosAcc": 2.0,
      "maxNegAcc": 4.5,
      "usualPosAcc": 2.0,
      "usualNegAcc": 4.5,
      "minGap": 2.5,
      "maxSpeed": 11.111,
      "headwayTime": 2
    },
    "route": [
      "road_0_2_0",
      "road_1_2_0",
      "road_2_2_0",
      "road_3_2_0",
      "road_4_2_0",
      "road_5_2_0",
      "road_6_2_0"
    ],
    "interval": 12.0,
    "startTime": 0,
    "endTime": 14400
  },
  {
    "vehicle": {
      "length": 5.0,
      "width": 2.0,
      "maxPosAcc": 2.0,
      "maxNegAcc": 4.5,
      "usualPosAcc": 2.0,
      "usualNegAcc": 4.5,
      "minGap": 2.5,
      "maxSpeed": 11.111,
      "headwayTime": 2
    },
    "route": [
      "road_7_2_2",
      "road_6_2_2",
      "road_5_2_2",
      "road_4_2_2",
      "road_3_2_2",
      "road_2_2_2",
      "road_1_2_2"
    ],
    "interval": 12.0,
    "startTime": 0,
    "endTime": 14400
  },
  {
    "vehicle": {
      "length": 5.0,
      "width": 2.0,
      "maxPosAcc": 2.0,
      "maxNegAcc": 4.5,
      "usualPosAcc": 2.0,
      "usualNegAcc": 4.5,
      "minGap": 2.5,
      "maxSpeed": 11.111,
      "headwayTime": 2
    },
    "route": [
      "road_0_3_0",
      "road_1_3_0",
      "road_2_3_0",
      "road_3_3_0",
      "road_4_3_0",
      "road_5_3_0",
      "road_6_3_0"
    ],
    "interval": 12.0,
    "startTime": 0,
    "endTime": 14400
  },
  {
    "vehicle": {
      "length": 5.0,
      "width": 2.0,
      "maxPosAcc": 2.0,
      "maxNegAcc": 4.5,
      "usualPosAcc": 2.0,
      "usualNegAcc": 4.5,
      "minGap": 2.5,
      "maxSpeed": 11.111,
      "headwayTime": 2
    },
    "route": [
      "road_7_3_2",
      "road_6_3_2",
      "road_5_3_2",
      "road_4_3_2",
      "road_3_3_2",
      "road_2_3_2",
      "road_1_3_2"
    ],
    "interval": 12.0,
    "startTime": 0,
    "endTime": 14400
  },
  {
    "vehicle": {
      "length": 5.0,
      "width": 2.0,
      "maxPosAcc": 2.0,
      "maxNegAcc": 4.5,
      "usualPosAcc": 2.0,
      "usualNegAcc": 4.5,
      "minGap": 2.5,
      "maxSpeed": 11.111,
      "headwayTime": 2
    },
    "route": [
      "road_0_4_0",
      "road_1_4_0",
      "road_2_4_0",
      "road_3_4_0",
      "road_4_4_0",
      "road_5_4_0",
      "road_6_4_0"
    ],
    "interval": 12.0,
    "startTime": 0,
    "endTime": 14400
  },
  {
    "vehicle": {
      "length": 5.0,
      "width": 2.0,
      "maxPosAcc": 2.0,
      "maxNegAcc": 4.5,
      "usualPosAcc": 2.0,
      "usualNegAcc": 4.5,
      "minGap": 2.5,
      "maxSpeed": 11.111,
      "headwayTime": 2
    },
    "route": [
      "road_7_4_2",
      "road_6_4_2",
      "road_5_4_2",
      "road_4_4_2",
      "road_3_4_2",
      "road_2_4_2",
      "road_1_4_2"
    ],
    "interval": 12.0,
    "startTime": 0,
    "endTime": 14400
  },
  {
    "vehicle": {
      "length": 5.0,
      "width": 2.0,
      "maxPosAcc": 2.0,
      "maxNegAcc": 4.5,
      "usualPosAcc": 2.0,
      "usualNegAcc": 4.5,
      "minGap": 2.5,
      "maxSpeed": 11.111,
      "headwayTime": 2
    },
    "route": [
      "road_0_5_0",
      "road_1_5_0",
      "road_2_5_0",
      "road_3_5_0",
      "road_4_5_0",
      "road_5_5_0",
      "road_6_5_0"
    ],
    "interval": 12.0,
    "startTime": 0,
    "endTime": 14400
  },
  {
    "vehicle": {
      "length": 5.0,
      "width": 2.0,
      "maxPosAcc": 2.0,
      "maxNegAcc": 4.5,
      "usualPosAcc": 2.0,
      "usualNegAcc": 4.5,
      "minGap": 2.5,
      "maxSpeed": 11.111,
      "headwayTime": 2
    },
    "route": [
      "road_7_5_2",
      "road_6_5_2",
      "road_5_5_2",
      "road_4_5_2",
      "road_3_5_2",
      "road_2_5_2",
      "road_1_5_2"
    ],
    "interval": 12.0,
    "startTime": 0,
    "endTime": 14400
  },
  {
    "vehicle": {
      "length": 5.0,
      "width": 2.0,
      "maxPosAcc": 2.0,
      "maxNegAcc": 4.5,
      "usualPosAcc": 2.0,
      "usualNegAcc": 4.5,
      "minGap": 2.5,
      "maxSpeed": 11.111,
      "headwayTime": 2
    },
    "route": [
      "road_0_6_0",
      "road_1_6_0",
      "road_2_6_0",
      "road_3_6_0",
      "road_4_6_0",
      "road_5_6_0",
      "road_6_6_0"
    ],
    "interval": 12.0,
    "startTime": 0,
    "endTime": 14400
  },
  {
    "vehicle": {
      "length": 5.0,
      "width": 2.0,
      "maxPosAcc": 2.0,
      "maxNegAcc": 4.5,
      "usualPosAcc": 2.0,
      "usualNegAcc": 4.5,
      "minGap": 2.5,
      "maxSpeed": 11.111,
      "headwayTime": 2
    },
    "route": [
      "road_7_6_2",
      "road_6_6_2",
      "road_5_6_2",
      "road_4_6_2",
      "road_3_6_2",
      "road_2_6_2",
      "road_1_6_2"
    ],
    "interval": 12.0,
    "startTime": 0,
    "endTime": 14400
  },
  {
    "vehicle": {
      "length": 5.0,
      "width": 2.0,
      "maxPosAcc": 2.0,
      "maxNegAcc": 4.5,
      "usualPosAcc": 2.0,
      "usualNegAcc": 4.5,
      "minGap": 2.5,
      "maxSpeed": 11.111,
      "headwayTime": 2
    },
    "route": [
      "road_1_0_1",
      "road_1_1_1",
      "road_1_2_1",
      "road_1_3_1",
      "road_1_4_1",
      "road_1_5_1",
      "road_1_6_1"
    ],
    "interval": 40.0,
    "startTime": 0,
    "endTime": 14400
  },
  {
    "vehicle": {
      "length": 5.0,
      "width": 2.0,
      "maxPosAcc": 2.0,
      "maxNegAcc": 4.5,
      "usualPosAcc": 2.0,
      "usualNegAcc": 4.5,
      "minGap": 2.5,
      "maxSpeed": 11.111,
      "headwayTime": 2
    },
    "route": [
      "road_1_7_3",
      "road_1_6_3",
      "road_1_5_3",
      "road_1_4_3",
      "road_1_3_3",
      "road_1_2_3",
      "road_1_1_3"
    ],
    "interval": 40.0,
    "startTime": 0,
    "endTime": 14400
  },
  {
    "vehicle": {
      "length": 5.0,
      "width": 2.0,
      "maxPosAcc": 2.0,
      "maxNegAcc": 4.5,
      "usualPosAcc": 2.0,
      "usualNegAcc": 4.5,
      "minGap": 2.5,
      "maxSpeed": 11.111,
      "headwayTime": 2
    },
    "route": [
      "road_2_0_1",
      "road_2_1_1",
      "road_2_2_1",
      "road_2_3_1",
      "road_2_4_1",
      "road_2_5_1",
      "road_2_6_1"
    ],
    "interval": 40.0,
    "startTime": 0,
    "endTime": 14400
  },
  {
    "vehicle": {
      "length": 5.0,
      "width": 2.0,
      "maxPosAcc": 2.0,
      "maxNegAcc": 4.5,
      "usualPosAcc": 2.0,
      "usualNegAcc": 4.5,
      "minGap": 2.5,
      "maxSpeed": 11.111,
      "headwayTime": 2
    },
    "route": [
      "road_2_7_3",
      "road_2_6_3",
      "road_2_5_3",
      "road_2_4_3",
      "road_2_3_3",
      "road_2_2_3",
      "road_2_1_3"
    ],
    "interval": 40.0,
    "startTime": 0,
    "endTime": 14400
  },
  {
    "vehicle": {
      "length": 5.0,
      "width": 2.0,
      "maxPosAcc": 2.0,
      "maxNegAcc": 4.5,
      "usualPosAcc": 2.0,
      "usualNegAcc": 4.5,
      "minGap": 2.5,
      "maxSpeed": 11.111,
      "headwayTime": 2
    },
    "route": [
      "road_3_0_1",
      "road_3_1_1",
      "road_3_2_1",
      "road_3_3_1",
      "road_3_4_1",
      "road_3_5_1",
      "road_3_6_1"
    ],
    "interval": 40.0,
    "startTime": 0,
    "endTime": 14400
  },
  {
    "vehicle": {
      "length": 5.0,
      "width": 2.0,
      "maxPosAcc": 2.0,
      "maxNegAcc": 4.5,
      "usualPosAcc": 2.0,
      "usualNegAcc": 4.5,
      "minGap": 2.5,
      "maxSpeed": 11.111,
      "headwayTime": 2
    },
    "route": [
      "road_3_7_3",
      "road_3_6_3",
      "road_3_5_3",
      "road_3_4_3",
      "road_3_3_3",
      "road_3_2_3",
      "road_3_1_3"
    ],
    "interval": 40.0,
    "startTime": 0,
    "endTime": 14400
  },
  {
    "vehicle": {
      "length": 5.0,
      "width": 2.0,
      "maxPosAcc": 2.0,
      "maxNegAcc": 4.5,
      "usualPosAcc": 2.0,
      "usualNegAcc": 4.5,
      "minGap": 2.5,
      "maxSpeed": 11.111,
      "headwayTime": 2
    },
    "route": [
      "road_4_0_1",
      "road_4_1_1",
      "road_4_2_1",
      "road_4_3_1",
      "road_4_4_1",
      "road_4_5_1",
      "road_4_6_1"
    ],
    "interval": 40.0,
    "startTime": 0,
    "endTime": 14400
  },
  {
    "vehicle": {
      "length": 5.0,
      "width": 2.0,
      "maxPosAcc": 2.0,
      "maxNegAcc": 4.5,
      "usualPosAcc": 2.0,
      "usualNegAcc": 4.5,
      "minGap": 2.5,
      "maxSpeed": 11.111,
      "headwayTime": 2
    },
    "route": [
      "road_4_7_3",
      "road_4_6_3",
      "road_4_5_3",
      "road_4_4_3",
      "road_4_3_3",
      "road_4_2_3",
      "road_4_1_3"
    ],
    "interval": 40.0,
    "startTime": 0,
    "endTime": 14400
  },
  {
    "vehicle": {
      "length": 5.0,
      "width": 2.0,
      "maxPosAcc": 2.0,
      "maxNegAcc": 4.5,
      "usualPosAcc": 2.0,
      "usualNegAcc": 4.5,
      "minGap": 2.5,
      "maxSpeed": 11.111,
      "headwayTime": 2
    },
    "route": [
      "road_5_0_1",
      "road_5_1_1",
      "road_5_2_1",
      "road_5_3_1",
      "road_5_4_1",
      "road_5_5_1",
      "road_5_6_1"
    ],
    "interval": 40.0,
    "startTime": 0,
    "endTime": 14400
  },
  {
    "vehicle": {
      "length": 5.0,
      "width": 2.0,
      "maxPosAcc": 2.0,
      "maxNegAcc": 4.5,
      "usualPosAcc": 2.0,
      "usualNegAcc": 4.5,
      "minGap": 2.5,
      "maxSpeed": 11.111,
      "headwayTime": 2
    },
    "route": [
      "road_5_7_3",
      "road_5_6_3",
      "road_5_5_3",
      "road_5_4_3",
      "road_5_3_3",
      "road_5_2_3",
      "road_5_1_3"
    ],
    "interval": 40.0,
    "startTime": 0,
    "endTime": 14400
  },
  {
    "vehicle": {
      "length": 5.0,
      "width": 2.0,
      "maxPosAcc": 2.0,
      "maxNegAcc": 4.5,
      "usualPosAcc": 2.0,
      "usualNegAcc": 4.5,
      "minGap": 2.5,
      "maxSpeed": 11.111,
      "headwayTime": 2
    },
    "route": [
      "road_6_0_1",
      "road_6_1_1",
      "road_6_2_1",
      "road_6_3_1",
      "road_6_4_1",
      "road_6_5_1",
      "road_6_6_1"
    ],
    "interval": 40.0,
    "startTime": 0,
    "endTime": 14400
  },
  {
    "vehicle": {
      "length": 5.0,
      "width": 2.0,
      "maxPosAcc": 2.0,
      "maxNegAcc": 4.5,
      "usualPosAcc": 2.0,
      "usualNegAcc": 4.5,
      "minGap": 2.5,
      "maxSpeed": 11.111,
      "headwayTime": 2
    },
    "route": [
      "road_6_7_3",
      "road_6_6_3",
      "road_6_5_3",
      "road_6_4_3",
      "road_6_3_3",
      "road_6_2_3",
      "road_6_1_3"
    ],
    "interval": 40.0,
    "startTime": 0,
    "endTime": 14400
  }
]